{
  "project_info": {
    "project_number": "310129854037",
    "project_id": "sample-76f1b",
    "storage_bucket": "sample-76f1b.appspot.com"
  },
  "client": [
    {
      "client_info": {
        "mobilesdk_app_id": "1:310129854037:android:5fabec53df8f99412b76dc",
        "android_client_info": {
          "package_name": "com.example.sample"
        }
      },
      "oauth_client": [
        {
          "client_id": "310129854037-r40lrj6bm9b5uf45j8akv7psep000v0n.apps.googleusercontent.com",
          "client_type": 1,
          "android_info": {
            "package_name": "com.example.sample",
            "certificate_hash": "07947a52aafadc349f0d13c1aa1c8c94b5a48655"
          }
        },
        {
          "client_id": "310129854037-rc0f3kltfcjso986kor8gaf173fs3vqa.apps.googleusercontent.com",
          "client_type": 3
        }
      ],
      "api_key": [
        {
          "current_key": "AIzaSyChp24tSXe4OpI26hOxuRiqkrmQHZzYxRA"
        }
      ],
      "services": {
        "appinvite_service": {
          "other_platform_oauth_client": [
            {
              "client_id": "310129854037-rc0f3kltfcjso986kor8gaf173fs3vqa.apps.googleusercontent.com",
              "client_type": 3
            }
          ]
        }
      }
    }
  ],
  "configuration_version": "1"
}